Username, Password
688997,GayKarina9228
522759,SnowTaShya5474
165966,AlvaradoRooney9755
983010,BurgessJolene7929
939825,PittsYoko4221
379767,MorrisonJin3945
900100,BullockSopoline1595
969829,RaymondBruce1312
283809,DicksonHanae1204
224568,StricklandJenna9056
752867,HaleyRuth4014
163695,WareBeatrice8532
226423,HortonRandall5292
349833,GarrisonDamian6222
531061,GuerreroAlvin4803
169927,DukeAlexandra9574
454912,RowlandSylvester3170
285767,WolfePorter3247
674261,ShieldsScott4394
265154,McintoshAmir9299
160769,MccarthyGrant4601
426824,WolfMira1772
502141,SandovalBrock6686
934003,SaundersKelsey7772
377013,GoodwinTeagan5481
