Username, Password
688997,yes
522759,SnowTaShya5474
165966,AlvaradoRooney4659
983010,BurgessJolene5858
939825,PittsYoko4221
379767,MorrisonJin3945
900100,BullockSopoline6165
969829,RaymondBruce6744
283809,DicksonHanae8993
224568,StricklandJenna6536
752867,HaleyRuth5718
163695,WareBeatrice5582
226423,HortonRandall5263
349833,GarrisonDamian8101
531061,GuerreroAlvin8095
169927,DukeAlexandra5245
454912,RowlandSylvester8204
285767,WolfePorter6480
674261,ShieldsScott9865
265154,McintoshAmir9399
160769,MccarthyGrant7772
426824,WolfMira9864
502141,SandovalBrock4189
934003,SaundersKelsey5928
377013,GoodwinTeagan2142
