Delivery Method, Amount, First Name, Last Name, Location
Mail,1911.87,Karina, Gay,998 Vitae St. Atlanta GA 45169
Wire, 2083.56, TaShya,Snow,Routing: 36644938-8 Accounting: 244269-0000
Wire, 835.12, Jolene,Burgess,Routing: 15300058-1 Accounting: 828625-2906
Mail,1468.83,Yoko, Pitts,4825 Nec Ave Meridian ID 45614
Wire, 3413.73, Sopoline,Bullock,Routing: 46979340-0 Accounting: 485847-0083
Wire, 1570.72, Bruce,Raymond,Routing: 28504011-6 Accounting: 397558-4404
Wire, 2125.77, Hanae,Dickson,Routing: 48786143-K Accounting: 295643-0090
Mail,2397.72,Jenna, Strickland,70156 Rutrum Street Phoenix AZ 86207
Mail,2543.76,Ruth, Haley,6384 Risus Av. Ap #943 Waterbury CT 58012
Mail,1930.92,Beatrice, Ware,8903 Eget Rd. Oklahoma City OK 20552
Wire, 1703.02, Randall,Horton,Routing: 13255163-4 Accounting: 104934-8350
Wire, 4148.81, Damian,Garrison,Routing: 45550736-7 Accounting: 779184-5410
Wire, 2351.29, Alvin,Guerrero,Routing: 16935557-6 Accounting: 994966-8363
Wire, 1318.00, Alexandra,Duke,Routing: 23609043-4 Accounting: 538878-8548
Mail,2065.46,Sylvester, Rowland,8628 Pede Ave Baltimore MD 93306
Mail,1717.20,Porter, Wolfe,4842 Tincidunt Av. Miami FL 44875
Mail,3621.41,Scott, Shields,8402 Pretium Rd. Ap #163 Grand Rapids MI 26321
Wire, 1899.03, Mira,Wolf,Routing: 12666803-1 Accounting: 158217-3462
Mail,2434.86,Brock, Sandoval,4882 Consectetuer Street Wyoming WY 15840
Mail,1772.86,Kelsey, Saunders,9920 Aliquam Av. Ap #128 Salt Lake City UT 97100
